ID,Name,Type,TLE Line 1,TLE Line 2,Epoch
63748,KUIPER-00035,Satellite,1 63748U 25088AA  26249.11493882  .00002122  00000+0  30707-3 0  9996,2 63748  51.8998  35.2450 0000747  80.4847 279.6199 14.79966826 74246,2026-09-06 02:45:30 UTC
63913,STARLINK-34070,Satellite,1 63913U 25095Z   26248.99651972  .00006445  00000+0  24348-3 0  9995,2 63913  42.9960 237.9156 0000694 311.9460  48.1332 15.27585158 75358,2026-09-05 23:54:59 UTC
28089,YAMAL 202,Satellite,1 28089U 03053A   26249.19608348 -.00000094  00000+0  00000+0 0  9992,2 28089   6.5402  69.9229 0004228 107.1470  42.4014  1.00271818 83519,2026-09-06 04:42:21 UTC
63261,LEMUR-2-EMERSONROSE,Satellite,1 63261U 25052BD  26248.97872808  .00002363  00000+0  19687-3 0  9990,2 63261  97.6760 141.1935 0004467 122.6622 237.5032 14.99578756 80844,2026-09-05 23:29:22 UTC
66435,STARLINK-35502,Satellite,1 66435U 25259P   26248.29317453  .00009297  00000+0  34676-3 0  9998,2 66435  43.0030 339.6669 0001848 280.0665  79.9978 15.27595857 46964,2026-09-05 07:02:10 UTC
66667,PELICAN-5,Satellite,1 66667U 25276B   26248.61090412  .00031992  00000+0  93137-3 0  9997,2 66667  97.4062 323.7858 0000964 123.2348 236.8988 15.35350042 42849,2026-09-05 14:39:42 UTC
59768,STARLINK-31826,Satellite,1 59768U 24091R   26248.28810199  .00046447  00000+0  44761-3 0  9990,2 59768  53.1442 253.1435 0010920  28.3114 331.8493 15.66002237130771,2026-09-05 06:54:52 UTC
67853,STARLINK-36785,Satellite,1 67853U 26034D   26248.54069475  .00010094  00000+0  30947-3 0  9995,2 67853  53.1586  87.2954 0001774 113.8001 246.3188 15.34400606 31596,2026-09-05 12:58:36 UTC
62159,STARLINK-32524,Satellite,1 62159U 24224W   26248.33035348  .00007365  00000+0  27692-3 0  9997,2 62159  43.0026 227.0578 0001321 261.9190  98.1511 15.27576984 99755,2026-09-05 07:55:42 UTC
53193,STARLINK-4351,Satellite,1 53193U 22084E   26249.16670139  .00012680  00000+0  39457-3 0  9990,2 53193  97.2849 304.1885 0001198  81.4763 168.0059 15.33433980  5822,2026-09-06 04:00:03 UTC
69273,KUIPER-00581,Satellite,1 69273U 26118G   26249.17173970  .00000503  00000+0  94983-4 0  9997,2 69273  51.9044  45.0473 0001942 146.0703 214.0384 14.79930455 16200,2026-09-06 04:07:18 UTC
46055,STARLINK-1554,Satellite,1 46055U 20055AE  26248.67768284  .00002565  00000+0  94382-4 0  9999,2 46055  53.1609 356.4326 0001080  83.6809 276.4315 15.31707167336657,2026-09-05 16:15:51 UTC
56047,ONEWEB-0538,Satellite,1 56047U 23043B   26249.20101787  .00000085  00000+0  18955-3 0  9996,2 56047  87.9129 212.6852 0001919  73.3507 286.7834 13.16593332169630,2026-09-06 04:49:27 UTC
27168,USA 164 (MILSTAR-2 3),Satellite,1 27168U 02001A   26249.09657262  .00000088  00000+0  00000+0 0  9991,2 27168  11.2768  21.3947 0097835   9.8010   7.7814  1.00276254 33771,2026-09-06 02:19:03 UTC
56046,ONEWEB-0537,Satellite,1 56046U 23043A   26248.59936595  .00000085  00000+0  18875-3 0  9990,2 56046  87.9132 212.8015 0001900  82.4768 277.6578 13.16593078169547,2026-09-05 14:23:05 UTC
63133,STARLINK-11604 [DTC],Satellite,1 63133U 25043B   26249.05016235  .00125603  00000+0  96476-3 0  9996,2 63133  43.0007 243.9685 0002256 270.6944  89.3665 15.70909567 87715,2026-09-06 01:12:14 UTC
60098,STARLINK-32026,Satellite,1 60098U 24117H   26249.06532639 -.00002591  00000+0 -65647-4 0  9995,2 60098  53.1583 277.1160 0001056  66.3150 293.7963 15.34372668124536,2026-09-06 01:34:04 UTC
53623,STARLINK-4573,Satellite,1 53623U 22104AM  26249.09824163  .00000791  00000+0  37264-4 0  9996,2 53623  53.1594 130.8284 0001236  86.3874 273.7269 15.31703570223164,2026-09-06 02:21:28 UTC
54146,ONEWEB-0531,Satellite,1 54146U 22138AK  26248.76250644  .00000083  00000+0  17220-3 0  9997,2 54146  87.9134 258.3647 0001560 103.6579 256.4728 13.20771573189943,2026-09-05 18:18:00 UTC
49430,STARLINK-3138,Satellite,1 49430U 21104Y   26249.09207064  .00000013  00000+0  11509-4 0  9992,2 49430  53.1596 128.7183 0001195  91.5470 268.5670 15.34391133266015,2026-09-06 02:12:34 UTC
61579,STARLINK-11275 [DTC],Satellite,1 61579U 24187F   26249.06359368  .00003549  00000+0  34149-4 0  9998,2 61579  53.1577 126.8120 0001295 112.9246 247.1908 15.69705342109036,2026-09-06 01:31:34 UTC
62468,STARLINK-11511 [DTC],Satellite,1 62468U 24254G   26248.96450895  .00147678  00000+0  11333-2 0  9996,2 62468  43.0007 216.3562 0003580 282.1009  77.9457 15.70851104 97754,2026-09-05 23:08:53 UTC
64375,STARLINK-11738 [DTC],Satellite,1 64375U 25127F   26248.60548943  .00136483  00000+0  10493-2 0  9996,2 64375  43.0006  80.4950 0003215 283.9898  76.0612 15.70845961 71796,2026-09-05 14:31:54 UTC
64604,STARLINK-34488,Satellite,1 64604U 25137L   26248.64780669  .00014891  00000+0  45113-3 0  9995,2 64604  53.1613 218.8981 0001086  90.9308 269.1819 15.34389973 68295,2026-09-05 15:32:50 UTC
44751,STARLINK-1046,Satellite,1 44751U 19074AQ  26249.18182852  .00039536  00000+0  32724-3 0  9996,2 44751  53.0418  57.0611 0000674 293.2736  66.8209 15.69884049376510,2026-09-06 04:21:49 UTC
57654,GAOFEN-12 04,Satellite,1 57654U 23123A   26249.20880633  .00000506  00000+0  73904-4 0  9998,2 57654  97.9067 165.9918 0001766 178.4267 181.6951 14.79853030164610,2026-09-06 05:00:40 UTC
68350,CENTISPACE-2 S1,Satellite,1 68350U 26060A   26248.80454710 -.00000135  00000+0  94914-5 0  9998,2 68350  54.9816  81.8273 0013268 273.6144  86.3316 14.26522137 24436,2026-09-05 19:18:32 UTC
63403,STARLINK-33676,Satellite,1 63403U 25065E   26249.16920638  .00012874  00000+0  47637-3 0  9993,2 63403  43.0101 167.6759 0001892 245.3186 114.7469 15.27590974 80444,2026-09-06 04:03:39 UTC
59742,STARLINK-31816,Satellite,1 59742U 24090N   26249.01363429 -.00000497  00000+0 -85515-5 0  9993,2 59742  42.9987 245.5011 0000966 279.8821  80.1921 15.27575484130995,2026-09-06 00:19:38 UTC
49809,GSAT0223 (GALILEO 27),Satellite,1 49809U 21116A   26245.47206148 -.00000080  00000+0  00000+0 0  9999,2 49809  57.1297 339.5890 0004022 223.7478 167.6349  1.70475983 29507,2026-09-02 11:19:46 UTC
61592,STARLINK-32422,Satellite,1 61592U 24187U   26248.52593890  .00000293  00000+0  19795-4 0  9996,2 61592  53.1594 291.5100 0001135  87.5722 272.5411 15.34392387106870,2026-09-05 12:37:21 UTC
50831,STARLINK-3299,Satellite,1 50831U 22001AE  26248.86982029  .00026255  00000+0  81873-3 0  9997,2 50831  53.1580  71.0119 0000266 112.4359 247.6671 15.33081848257737,2026-09-05 20:52:32 UTC
52320,SUPERVIEW NEO-1 01,Satellite,1 52320U 22043A   26249.22015264  .00002588  00000+0  13385-3 0  9993,2 52320  97.3343 319.4105 0002371  47.6044 312.5390 15.17111398241843,2026-09-06 05:17:01 UTC
58778,STARLINK-31120,Satellite,1 58778U 24011P   26248.28931707 -.00002360  00000+0 -58785-4 0  9991,2 58778  53.1589 256.9044 0001199  89.6184 270.4956 15.34371137147802,2026-09-05 06:56:36 UTC
47179,STARLINK-1913,Satellite,1 47179U 20088BK  26248.84757342  .00036729  00000+0  85052-3 0  9997,2 47179  53.1524 184.2158 0002402  69.5767 290.5496 15.42119606319437,2026-09-05 20:20:30 UTC
41925,IRIDIUM 112,Satellite,1 41925U 17003J   26248.85572154 -.00000182  00000+0 -72003-4 0  9999,2 41925  86.3922  54.5492 0002055  91.7539 268.3893 14.34216453504830,2026-09-05 20:32:14 UTC
62581,CENTISPACE-1 S12,Satellite,1 62581U 25007G   26249.11699356 -.00000090  00000+0  47761-4 0  9997,2 62581  54.9788   8.3324 0013018 288.6675  71.2867 13.80619908 85919,2026-09-06 02:48:28 UTC
68096,STARLINK-36328,Satellite,1 68096U 26042AD  26248.62988697  .00007097  00000+0  22101-3 0  9991,2 68096  53.1584  59.4483 0000914  97.5100 262.6006 15.34393801 29893,2026-09-05 15:07:02 UTC
65599,STARLINK-35245,Satellite,1 65599U 25207H   26248.90789988  .00002128  00000+0  15134-3 0  9999,2 65599  97.2859 312.1214 0002099 118.7399 241.4039 15.05658167 55386,2026-09-05 21:47:22 UTC
67889,STARLINK-36372,Satellite,1 67889U 26035L   26248.36877260  .00004022  00000+0  12686-3 0  9998,2 67889  97.2837 180.4236 0002060  87.0596 273.0882 15.33437322 31527,2026-09-05 08:51:01 UTC
59218,STARLINK-31421,Satellite,1 59218U 24046T   26248.59344809  .00000270  00000+0  19118-4 0  9997,2 59218  53.1589  35.4715 0001166  80.8225 279.2909 15.34389604140648,2026-09-05 14:14:33 UTC
58719,STARLINK-31051,Satellite,1 58719U 24002Q   26249.02944808  .00000068  00000+0  13172-4 0  9997,2 58719  53.1588 111.0299 0001470  97.3067 262.8103 15.34375161149641,2026-09-06 00:42:24 UTC
63429,HJS-6B,Satellite,1 63429U 25067B   26249.19261973  .00007331  00000+0  35786-3 0  9990,2 63429  54.9950  33.6409 0008389 155.2138 204.9286 15.19278901 80255,2026-09-06 04:37:22 UTC
49310,ONEWEB-0384,Satellite,1 49310U 21090AH  26248.73668391  .00000103  00000+0  22004-3 0  9998,2 49310  87.9132 258.4124 0002382 100.3014 259.8388 13.20818001240462,2026-09-05 17:40:49 UTC
55926,STARLINK-5921,Satellite,1 55926U 23037N   26249.11806779 -.00000093  00000+0  32778-7 0  9990,2 55926  69.9996 189.6522 0003199 270.2871  89.7922 14.98328741191004,2026-09-06 02:50:01 UTC
67090,STARLINK-36060,Satellite,1 67090U 25298R   26249.05044185  .00002396  00000+0  20853-3 0  9998,2 67090  69.9992 279.7033 0003465 271.6902  88.3860 14.98330361 40234,2026-09-06 01:12:38 UTC
69127,STARLINK-37706,Satellite,1 69127U 26110D   26248.50015051  .00020291  00000+0  62931-3 0  9991,2 69127  97.2853  83.7174 0001588  75.4014 284.7405 15.33436759 17918,2026-09-05 12:00:13 UTC
37948,BEIDOU-2 IGSO-5,Satellite,1 37948U 11073A   26249.04007610 -.00000109  00000+0  00000+0 0  9993,2 37948  47.5355 270.5334 0116797 223.9363 320.7580  1.00279897 53944,2026-09-06 00:57:42 UTC
67292,SITRO-AIS-64,Satellite,1 67292U 25313AW  26248.16605120  .00005765  00000+0  22480-3 0  9994,2 67292  97.3871 322.2991 0010209  77.2699 282.9680 15.26285337 38179,2026-09-05 03:59:06 UTC
51747,STARLINK-3446,Satellite,1 51747U 22016AK  26248.90525294 -.00000558  00000+0 -62249-5 0  9990,2 51747  53.1593 218.7730 0001287  78.9571 281.1575 15.31697766250923,2026-09-05 21:43:33 UTC
30985,FENGYUN 1C DEB,Debris,1 30985U 99025BCB 26232.07522500  .00005399  00000+0  18640-2 0  9992,2 30985  99.2238 170.3789 0044736   6.6391  57.5165 14.35702475651564,2026-08-20 01:48:19 UTC
29914,FENGYUN 1C DEB,Debris,1 29914U 99025HL  26248.91210829 -.00000156  00000+0 -72308-4 0  9991,2 29914  98.8194 274.6036 0036761  89.7754  30.5208 14.03233841  5324,2026-09-05 21:53:26 UTC
32230,FENGYUN 1C DEB,Debris,1 32230U 99025CWC 26247.45373036  .00004575  00000+0  90406-3 0  9999,2 32230  98.8890  60.5726 0046344 356.0549  32.1079 14.62263033645460,2026-09-04 10:53:22 UTC
35236,FENGYUN 1C DEB,Debris,1 35236U 99025DQU 26235.08498288  .00001089  00000+0  30337-3 0  9995,2 35236  98.8218 177.2763 0084461 150.9928 209.5995 14.46447015 12229,2026-08-23 02:02:22 UTC
30740,FENGYUN 1C DEB,Debris,1 30740U 99025ATA 26247.29592603  .00003731  00000+0  84318-3 0  9996,2 30740  98.6964   7.7333 0028662  48.0592 312.3041 14.56620835 15003,2026-09-04 07:06:08 UTC
30671,FENGYUN 1C DEB,Debris,1 30671U 99025AQD 26248.67420095  .00000794  00000+0  56968-3 0  9993,2 30671  99.2332 319.2822 0125412  26.4358 130.0372 13.96330644989198,2026-09-05 16:10:50 UTC
37562,IRIDIUM 33 DEB,Debris,1 37562U 97051XX  26248.88208542  .00001682  00000+0  35466-3 0  9997,2 37562  86.3708 286.8804 0020834 282.5915 199.1528 14.58772791902201,2026-09-05 21:10:12 UTC
30867,FENGYUN 1C DEB,Debris,1 30867U 99025AXD 26248.96109742  .00001646  00000+0  64197-3 0  9995,2 30867  97.8634 135.1113 0049135 277.6255 210.4081 14.30197435  3550,2026-09-05 23:03:58 UTC
29968,FENGYUN 1C DEB,Debris,1 29968U 99025KS  26248.73446706  .00000160  00000+0  11716-3 0  9993,2 29968  98.8260 237.0108 0089329 323.7691 212.1589 14.07412144  8017,2026-09-05 17:37:37 UTC
30361,FENGYUN 1C DEB,Debris,1 30361U 99025ABY 26248.02638336  .00000902  00000+0  38511-3 0  9992,2 30361  98.5477 282.7075 0063450 333.7194  26.0772 14.26356475 14129,2026-09-05 00:37:59 UTC
31666,FENGYUN 1C DEB,Debris,1 31666U 99025CBY 26248.45564786  .00017769  00000+0  13514-2 0  9999,2 31666  98.6647  69.1365 0014695   5.2351 354.9021 15.02119129 12193,2026-09-05 10:56:07 UTC
31092,FENGYUN 1C DEB,Debris,1 31092U 99025BGN 26248.26010486  .00000983  00000+0  12172-2 0  9993,2 31092  99.7388   1.8762 0328779 198.0739 160.8477 13.47018933954693,2026-09-05 06:14:33 UTC
29965,FENGYUN 1C DEB,Debris,1 29965U 99025KP  26248.54332885 -.00000071  00000+0 -19442-4 0  9999,2 29965  98.9793 241.3095 0145914  55.0741  67.1221 13.95904032999987,2026-09-05 13:02:23 UTC
37418,FENGYUN 1C DEB,Debris,1 37418U 99025EGL 26246.28688742  .00000675  00000+0  16789-2 0  9993,2 37418  98.6020  55.1348 1073546 156.5750 208.8226 11.95446484526457,2026-09-03 06:53:07 UTC
29844,FENGYUN 1C DEB,Debris,1 29844U 99025EN  26248.31056550  .00000585  00000+0  19960-3 0  9994,2 29844  98.9217 162.7166 0167615 108.2125 253.7383 14.32693933 21589,2026-09-05 07:27:12 UTC
30077,FENGYUN 1C DEB,Debris,1 30077U 99025QE  26248.85985162  .00000058  00000+0  60037-4 0  9990,2 30077  98.7489 261.0348 0020584 230.2502 251.9120 14.07111868  8680,2026-09-05 20:38:11 UTC
29847,FENGYUN 1C DEB,Debris,1 29847U 99025ER  26248.45133578  .00000423  00000+0  29039-3 0  9997,2 29847  98.9173 243.8189 0084854  16.2160 137.7852 14.03166602  4768,2026-09-05 10:49:55 UTC
39585,COSMOS 2251 DEB,Debris,1 39585U 93036BUQ 26248.02432391  .00000316  00000+0  71513-4 0  9997,2 39585  74.0422 154.1535 0067286 208.7360 151.0093 14.59207571664040,2026-09-05 00:35:01 UTC
35243,FENGYUN 1C DEB,Debris,1 35243U 99025DRB 26248.76707913  .00012835  00000+0  10537-2 0  9990,2 35243  98.8770   6.5952 0052509 115.6022 245.0636 14.98281768949858,2026-09-05 18:24:35 UTC
37687,FENGYUN 1C DEB,Debris,1 37687U 99025ELC 26247.25989792  .00004091  00000+0  22646-2 0  9993,2 37687  98.1899 255.1252 0327660 345.2408  72.0859 13.87918845869344,2026-09-04 06:14:15 UTC
30915,FENGYUN 1C DEB,Debris,1 30915U 99025AZD 26248.67724105  .00001671  00000+0  69823-3 0  9992,2 30915  98.9319 335.0812 0053156 115.8784 244.7890 14.26780494  3030,2026-09-05 16:15:13 UTC
41011,FENGYUN 1C DEB,Debris,1 41011U 99025EXR 26245.43945762  .00000892  00000+0  15866-3 0  9998,2 41011  99.1357 315.6438 0303582 297.2291  59.8265 14.44552322609626,2026-09-02 10:32:49 UTC
31341,FENGYUN 1C DEB,Debris,1 31341U 99025BQV 26248.72732362  .00002197  00000+0  50589-3 0  9999,2 31341  99.5346 332.4120 0050404 272.4075 240.0416 14.55861540 15007,2026-09-05 17:27:20 UTC
33922,COSMOS 2251 DEB,Debris,1 33922U 93036EB  26248.42936020  .00000679  00000+0  18109-3 0  9991,2 33922  74.0488   7.3618 0022073  48.1685  19.1036 14.50229692924435,2026-09-05 10:18:16 UTC
37484,COSMOS 2251 DEB,Debris,1 37484U 93036BLM 26248.89003769  .00001090  00000+0  33110-3 0  9991,2 37484  73.8205  66.3583 0037896  50.8438  18.4445 14.42974273692315,2026-09-05 21:21:39 UTC
31041,FENGYUN 1C DEB,Debris,1 31041U 99025BEK 26248.59690637  .00001810  00000+0  84637-3 0  9991,2 31041  99.1920 292.1200 0083314 283.9369  75.2550 14.19844906992747,2026-09-05 14:19:32 UTC
30217,FENGYUN 1C DEB,Debris,1 30217U 99025WA  26248.67535833  .00000388  00000+0  16537-3 0  9993,2 30217  98.4585 227.5536 0139948  38.7072 322.4037 14.25186590 18736,2026-09-05 16:12:30 UTC
34022,COSMOS 2251 DEB,Debris,1 34022U 93036HH  26248.99627867  .00000217  00000+0  78197-4 0  9993,2 34022  74.0541 138.2053 0021828 142.5435 229.7185 14.39271663920402,2026-09-05 23:54:38 UTC
34576,COSMOS 2251 DEB,Debris,1 34576U 93036VN  26248.57704123  .00001304  00000+0  29680-3 0  9992,2 34576  74.0349 351.9536 0007343  49.5109 323.7787 14.56919649923512,2026-09-05 13:50:56 UTC
35848,IRIDIUM 33 DEB,Debris,1 35848U 97051SY  26248.31166811  .00005110  00000+0  60401-3 0  9999,2 35848  86.3833 255.5573 0007160  16.3823 343.7631 14.84458213706381,2026-09-05 07:28:48 UTC
31648,FENGYUN 1C DEB,Debris,1 31648U 99025CBE 26239.06547681  .00004820  00000+0  23632-2 0  9997,2 31648 102.7887 178.4560 0042372 261.3952  98.2405 14.18122629755421,2026-08-27 01:34:17 UTC
33894,COSMOS 2251 DEB,Debris,1 33894U 93036CX  26248.49919624  .00000980  00000+0  10218-2 0  9994,2 33894  73.7654 296.2160 0569276 177.9539 182.4088 13.21974098842327,2026-09-05 11:58:50 UTC
36148,FENGYUN 1C DEB,Debris,1 36148U 99025DRV 26241.80071814  .00001942  00000+0  12503-2 0  9999,2 36148  98.4167  71.9455 0277097 355.4528   4.4121 13.86978205938476,2026-08-29 19:13:02 UTC
29786,FENGYUN 1C DEB,Debris,1 29786U 99025CC  26248.62625546  .00000159  00000+0  11296-3 0  9991,2 29786  98.7246 262.5959 0076520 267.7183 219.8165 14.09232063  9182,2026-09-05 15:01:48 UTC
47001,FENGYUN 1C DEB,Debris,1 47001U 99025FAB 26247.47622286  .00001717  00000+0  54563-3 0  9996,2 47001  99.2882 332.8576 0049152 353.0468   7.0030 14.40702065777387,2026-09-04 11:25:45 UTC
30828,FENGYUN 1C DEB,Debris,1 30828U 99025AVN 26248.78239479  .00003276  00000+0  30017-3 0  9998,2 30828  98.3935  12.6139 0192459  43.0141 318.5934 14.82636595 25925,2026-09-05 18:46:38 UTC
37437,FENGYUN 1C DEB,Debris,1 37437U 99025EHF 26244.22860135  .00000658  00000+0  31325-3 0  9999,2 37437  98.6043 233.3140 0112051  11.3872  53.5800 14.19371625677149,2026-09-01 05:29:11 UTC
30330,FENGYUN 1C DEB,Debris,1 30330U 99025AAR 26248.40170573  .00000734  00000+0  62328-3 0  9990,2 30330  98.9030 231.1035 0184934 186.0370 332.5693 13.82882092983429,2026-09-05 09:38:27 UTC
36238,FENGYUN 1C DEB,Debris,1 36238U 99025DVP 26246.70873973  .00000050  00000+0  49948-4 0  9993,2 36238  98.6802 215.4662 0020063 245.2162 114.6924 14.12459601907585,2026-09-03 17:00:35 UTC
30017,FENGYUN 1C DEB,Debris,1 30017U 99025MS  26248.13870402  .00000460  00000+0  75464-4 0  9992,2 30017  98.7189 312.7931 0216854  74.4706 288.0321 14.61724433 43359,2026-09-05 03:19:44 UTC
46447,FENGYUN 1C DEB,Debris,1 46447U 99025EZC 26246.24506045  .00000812  00000+0  27406-3 0  9998,2 46447  98.4712 239.4903 0162486   0.9694 359.1774 14.32470528830084,2026-09-03 05:52:53 UTC
30056,FENGYUN 1C DEB,Debris,1 30056U 99025PH  26248.39593913  .00001583  00000+0  12291-2 0  9996,2 30056  98.3462  45.6803 0296607 209.2836 149.1408 13.75117349976396,2026-09-05 09:30:09 UTC
30062,FENGYUN 1C DEB,Debris,1 30062U 99025PP  26249.00012968  .00000221  00000+0  15505-3 0  9998,2 30062  98.7795 255.5871 0049111  16.5730   3.3015 14.07426866  6641,2026-09-06 00:00:11 UTC
38496,FENGYUN 1C DEB,Debris,1 38496U 99025ESF 26244.24653094  .00000822  00000+0  47242-3 0  9999,2 38496  98.7619 252.3429 0074067 344.9144  14.9818 14.10688555847218,2026-09-01 05:55:00 UTC
31877,FENGYUN 1C DEB,Debris,1 31877U 99025CKC 26248.78063749  .00009814  00000+0  57559-3 0  9992,2 31877  99.0005   7.9771 0092279 124.4679 236.5306 15.08441946 30587,2026-09-05 18:44:07 UTC
36540,COSMOS 2251 DEB,Debris,1 36540U 93036BDA 26248.79402493  .00002039  00000+0  42233-3 0  9999,2 36540  74.0281  30.7725 0014621  34.8775 325.3346 14.60865253899073,2026-09-05 19:03:23 UTC
30169,FENGYUN 1C DEB,Debris,1 30169U 99025UA  26248.97458338  .00007917  00000+0  11351-2 0  9999,2 30169  98.3145 325.4036 0195886 114.1694  57.2662 14.64467959 16210,2026-09-05 23:23:24 UTC
37069,FENGYUN 1C DEB,Debris,1 37069U 99025EFD 26247.90828258  .00000701  00000+0  80563-3 0  9995,2 37069  95.8445 111.2737 0419822 259.0653  96.2995 13.39054870912697,2026-09-04 21:47:55 UTC
30435,FENGYUN 1C DEB,Debris,1 30435U 99025AEW 26248.64004953  .00001738  00000+0  14330-2 0  9994,2 30435  99.0277 228.0074 0207549 118.3411 303.9879 13.80893688978423,2026-09-05 15:21:40 UTC
30879,FENGYUN 1C DEB,Debris,1 30879U 99025AXR 26248.18893911  .00007915  00000+0  83034-3 0  9996,2 30879  99.3296 150.6401 0164313 176.3718 183.8724 14.80376716658662,2026-09-05 04:32:04 UTC
